{
  "radio": {
    "dragElement": "add_radio",
    "control": {
      "controlPlaceholder": "BUILDER.RADIO.CONTROL_PLACEHOLDER",
      "label": "BUILDER.RADIO.SUBJECT_HERE",
      "required": false,
      "type": "radio",
      "options": [
      ],
      "value": "",
      "Setting": {
        "FontSize": "16",
        "FontWeight": "normal",
        "FontColor": "rgba(0,0,0,1)",
        "IsUnderline": false,
        "IsItalic": false
      }
    }
  },
  "text": {
    "dragElement": "add_text",
    "control": {
      "controlPlaceholder": "BUILDER.INPUT.CONTROL_PLACEHOLDER",
      "input_type": "text",
      "type": "input_text",
      "options": [
      ],
      "Setting": {
        "FontSize": "16",
        "FontWeight": "normal",
        "FontColor": "rgba(0,0,0,1)",
        "IsUnderline": false,
        "IsItalic": false
      }
    }
  },
  "list": {
    "dragElement": "add_list",
    "control": {
      "controlPlaceholder": "BUILDER.MULTIPLE_SELECTION.CONTROL_PLACEHOLDER",
      "type": "checkbox list",
      "required": false,
      "multipleSelection": false,
      "label": "BUILDER.MULTIPLE_SELECTION.LABEL",
      "options": [
      ],
      "value": "",
      "Setting": {
        "FontSize": "16",
        "FontWeight": "normal",
        "FontColor": "rgba(0,0,0,1)",
        "IsUnderline": false,
        "IsItalic": false
      }
    }
  },
  "signature": {
    "dragElement": "add_signature",
    "control": {
      "controlPlaceholder": "BUILDER.SIGNATURE.CONTROL_PLACEHOLDER",
      "type": "signature",
      "sub_type": "hand",
      "FileId": "",
      "value": "",
      "url": "./assets/images/user-placeholder.png",
      "size": {
        "width": 150,
        "height": 150
      },
      "align": "center",
      "Setting": {
      }
    }
  },
  "buttons": {
    "dragElement": "add_buttons",
    "control": {
      "controlPlaceholder": "BUILDER.BUTTONS.CONTROL_PLACEHOLDER",
      "type": "buttons",
      "layout": "row",
      "align": "left",
      "options": [
        {
          "type": "save",
          "color": "#028a0f",
          "label": "BUILDER.BUTTONS.TYPES.SUBMIT"
        },
        {
          "type": "cancel",
          "color": "#cf3339",
          "label": "BUILDER.BUTTONS.TYPES.CANCEL"
        }
      ],
      "Setting": {
        "FontSize": "14",
        "FontWeight": "normal",
        "FontColor": "rgba(255,255,255,1)",
        "IsUnderline": false,
        "IsItalic": false
      }
    }
  },
  "attachment": {
    "dragElement": "add_attachment",
    "control": {
      "controlPlaceholder": "BUILDER.ATTACHMENT.CONTROL_PLACEHOLDER",
      "type": "attachment",
      "layout": "row",
      "align": "left",
      "options": [
        {
          "DisplayText": "BUILDER.ATTACHMENT.UPLOAD_BUTTON",
          "Types": [],
          "MaxFiles": 2,
          "MaxSize": 20
        }
      ],
      "Setting": {
        "FontSize": "14",
        "FontWeight": "normal",
        "FontColor": "rgba(255,255,255,1)",
        "IsUnderline": false,
        "IsItalic": false
      }
    }
  }
}
